country,iso3_code,year,continent,ahdi,life_exp,schooling,democracy,gdp,gini,co2_per_capita
Algeria,DZA,1995,Africa,0.2459116329395865,0.31371887153651307,0.18703040668270113,0.117,0.5326937123600419,35.3,3.3686354
Argentina,ARG,1995,South America,0.48064737834617827,0.4074013745647181,0.29024625575264246,0.635,0.710793536757932,48.9,3.576146
Argentina,ARG,2000,South America,0.49682706842310403,0.42396335966670085,0.30148827985985466,0.66,0.7222346206653837,51.0,3.8521757
Argentina,ARG,2005,South America,0.519608613490738,0.4517499893773864,0.3437439026229132,0.644,0.728930873806787,47.8,4.123947
Argentina,ARG,2010,South America,0.525761432641915,0.466322793706386,0.3572991467690987,0.604,0.7592754166186407,43.7,4.507803
Argentina,ARG,2020,South America,0.5808541814563672,0.47078648291354036,0.5019360509455649,0.659,0.7309887469295789,42.7,3.6425223
Australia,AUS,1995,Oceania,0.7332401611716842,0.5429801159485864,0.734329187720152,0.853,0.8498870837824551,32.6,16.853085
Australia,AUS,2010,Oceania,0.8148753517598621,0.7412533271905672,0.7708401094364769,0.859,0.8983397194185744,34.7,18.292547
Australia,AUS,2020,Oceania,0.8479026702428611,1.0,0.6967634734773238,0.814,0.9113269875670307,33.8,15.481285
Austria,AUT,1995,Europe,0.633120689384105,0.49525915718271724,0.48854582582903805,0.785,0.8459380216427362,29.9,8.057918
Austria,AUT,2000,Europe,0.6605143547515582,0.5420539889319439,0.5109326419197295,0.791,0.868853118516486,29.0,8.262151
Austria,AUT,2005,Europe,0.6800098073489123,0.5925335881453081,0.5187289575776197,0.792,0.8783792284668149,28.7,9.611559
Austria,AUT,2010,Europe,0.7020925843682082,0.6377960814570206,0.5373930040198376,0.8,0.886163181397497,30.3,8.607232
Austria,AUT,2015,Europe,0.7083975119518958,0.677646438293322,0.5202793014321941,0.803,0.8895141375828489,30.5,7.6767116
Austria,AUT,2020,Europe,0.738255428727118,0.7001394966989997,0.6273461957350499,0.763,0.8863601291970412,29.8,6.969737
Bangladesh,BGD,1995,Asia,0.21250309343881726,0.22384777115462431,0.1034686844142551,0.279,0.3155695722721151,32.9,0.17174801
Bangladesh,BGD,2000,Asia,0.24679818154153843,0.29187254618510267,0.1289063158910329,0.288,0.3423796081505856,33.4,0.19725299
Bangladesh,BGD,2005,Asia,0.24797612810361858,0.31160918944390315,0.13504604896060277,0.24,0.3744002393131613,33.2,0.26062584
Bangladesh,BGD,2010,Asia,0.24314903383026662,0.3304557183614115,0.1384523458688979,0.185,0.41295704003414174,32.1,0.3550251
Belgium,BEL,1995,Europe,0.6203528971938618,0.49706918887177415,0.4355120884448049,0.808,0.8466946983289926,28.4,12.42636
Belgium,BEL,2000,Europe,0.6457786284555405,0.5259848008455195,0.4639634720768071,0.821,0.8680295929875659,33.1,12.366287
Belgium,BEL,2005,Europe,0.6722902945516609,0.5728824294467312,0.49893831058520655,0.813,0.8790720387825591,29.3,11.991515
Belgium,BEL,2010,Europe,0.6942895696512128,0.616035616128811,0.5158760808474903,0.827,0.884109058840263,28.4,10.475143
Belgium,BEL,2015,Europe,0.7122255353096344,0.6613942124349133,0.5250424837862935,0.835,0.8874192591582212,27.7,8.986653
Belgium,BEL,2020,Europe,0.7353814317288657,0.6555560061785031,0.6124263361061004,0.823,0.8850894108488423,26.0,7.9076037
Brazil,BRA,1990,South America,0.4086676900985946,0.2944500668212708,0.21587183788825762,0.693,0.6331991620098301,60.5,1.466092
Brazil,BRA,1995,South America,0.4340875364103766,0.3201491149019416,0.2348303842766471,0.732,0.645195887634756,59.5,1.66122
Brazil,BRA,2005,South America,0.48502661086200705,0.3810472537031028,0.27789074635575145,0.789,0.6624183316499799,56.3,1.9728968
Brazil,BRA,2015,South America,0.5013551220480417,0.4329223469150718,0.26898651819973846,0.786,0.6902696225728302,51.9,2.6189272
Brazil,BRA,2020,South America,0.45362890783985294,0.4257634236081548,0.28829357308715053,0.508,0.6791033416843127,48.8,2.1470218
Canada,CAN,1990,North America,0.6726796475958211,0.5151174889438657,0.6197930833179937,0.753,0.8516970743113735,31.4,16.481726
Canada,CAN,1995,North America,0.695664447941836,0.5345101574598496,0.6770807987076988,0.756,0.8560142234019084,31.5,16.677519
Canada,CAN,2000,North America,0.7255717418096077,0.5802820396374823,0.71562261977912,0.758,0.8804993651650634,33.4,18.344023
Canada,CAN,2005,North America,0.7659876642822033,0.6210751896817487,0.8264380872838989,0.751,0.8930847243466945,33.6,17.583017
Canada,CAN,2010,North America,0.7724542857091945,0.6896368165114388,0.7591162875140993,0.761,0.8936711609937918,33.6,16.20929
Canada,CAN,2015,North America,0.78090969456166,0.730874281310382,0.7639784431248539,0.738,0.9024499215114508,33.7,15.655382
Canada,CAN,2020,North America,0.8275504173863576,0.740611575229289,0.9434232708152406,0.748,0.897385753068802,29.9,13.732821
Chile,CHL,1990,South America,0.48661086347145777,0.39636864317466663,0.33590447798391965,0.623,0.6759647836510372,57.2,2.449037
Chile,CHL,2000,South America,0.5929230604595668,0.497980832445373,0.40200959176889123,0.82,0.7528881678443464,52.8,3.7734768
Chile,CHL,2015,South America,0.6382137811582798,0.6025788734966067,0.3981180340755811,0.846,0.8174639251138729,45.3,4.5312576
Chile,CHL,2020,South America,0.6479909838967766,0.5863145890400064,0.4821284950044465,0.77,0.8100123242327195,47.0,4.1391664
China,CHN,1990,Asia,0.18538375295621937,0.32135970341281944,0.17266116913967172,0.049,0.4344146915010801,32.2,2.1528878
China,CHN,2005,Asia,0.24354170344537238,0.42800134070893436,0.24667669460690972,0.056,0.5950207083990644,40.9,4.4899764
China,CHN,2010,Asia,0.25880477089415294,0.4632013551944352,0.2653334769847211,0.055,0.6636888981139453,43.7,6.370445
China,CHN,2015,Asia,0.26351338225161036,0.5011723115521152,0.2630085268562225,0.052,0.7034779015975612,38.6,7.0609546
China,CHN,2020,Asia,0.25726841245342125,0.5364811999115467,0.26092064576528656,0.042,0.7451327018056257,37.1,7.64075
Colombia,COL,2000,South America,0.39317586153391443,0.37333854453528775,0.230119560508539,0.43,0.6468782764228971,58.4,1.4380411
Colombia,COL,2005,South America,0.39657595443931376,0.4063559404403375,0.20911423446307903,0.438,0.664570704114997,53.9,1.4302857
Colombia,COL,2010,South America,0.44889697958902075,0.4491862910176014,0.26111649020234184,0.501,0.6910161766505363,54.4,1.684584
Colombia,COL,2015,South America,0.47118422819751593,0.48058986235375484,0.2587194217309573,0.551,0.7194618065705213,52.0,1.9379755
Colombia,COL,2020,South America,0.47362316441465085,0.44293554288923737,0.3300128337711114,0.484,0.7112381085197884,54.4,1.8231317
Denmark,DNK,1995,Europe,0.665405942116385,0.4553429823931229,0.5663487363623173,0.88,0.8638561780748062,23.0,11.780834
Denmark,DNK,2000,Europe,0.6923899076519696,0.4963423637053312,0.5967861673786967,0.877,0.8847146717183458,23.8,10.170421
Denmark,DNK,2005,Europe,0.7256235068954788,0.5416470588964881,0.6417972497297346,0.893,0.8930580177931936,25.2,9.509078
Denmark,DNK,2010,Europe,0.7265577953039698,0.5807977240605788,0.60303452920059,0.893,0.8909680323770437,27.2,8.866418
Denmark,DNK,2015,Europe,0.7749014805579882,0.6527062680236972,0.6924594651823854,0.89,0.8963627839130737,28.2,6.177417
Denmark,DNK,2020,Europe,0.8007610054429726,0.7029860144260568,0.7368182207760691,0.877,0.9051176408629116,27.5,4.8528743
Ecuador,ECU,1995,South America,0.4043240375684313,0.368496831112704,0.2623410742004317,0.46,0.6009804770674457,50.8,2.0304213
Ecuador,ECU,2000,South America,0.41954896103221084,0.40154061999895374,0.28192604690654155,0.461,0.5936971817268758,56.3,1.6509491
Ecuador,ECU,2005,South America,0.4396614414410746,0.43704243631857587,0.29853836640769305,0.463,0.6185413901785708,53.1,2.2137334
Ecuador,ECU,2010,South America,0.40870072225598053,0.45893310561337974,0.3133282056089369,0.307,0.6320251591153362,48.8,2.41893
Ecuador,ECU,2015,South America,0.40281543365198186,0.4956294072451622,0.2959601919932516,0.274,0.6550636158206284,46.0,2.5388634
Ecuador,ECU,2020,South America,0.44588491134440766,0.3883961320235167,0.3272708731136138,0.492,0.6320388156135236,47.3,1.8507442
Ethiopia,ETH,1995,Africa,0.1053893825011523,0.13694323874507563,0.03399155104130149,0.103,0.25729931977333065,44.6,0.04355351
Ethiopia,ETH,2010,Africa,0.14939619031249998,0.22632527540243141,0.05788200736113723,0.111,0.34257721231790733,33.2,0.070071824
Ethiopia,ETH,2015,Africa,0.16707080327843302,0.2666973589694881,0.0697198781449507,0.105,0.39905945891735,35.0,0.12095851
Finland,FIN,1995,Europe,0.6395110885408842,0.4902803274469083,0.49528534003580066,0.834,0.8258978299586627,23.5,11.378802
Finland,FIN,2000,Europe,0.6708082999835501,0.5228493038767198,0.5342413259429825,0.839,0.8640079440887544,27.2,11.01523
Finland,FIN,2005,Europe,0.6967458189832823,0.5696299162922734,0.5647588084364467,0.83,0.8825993223432896,27.6,10.87746
Finland,FIN,2010,Europe,0.7236687047863504,0.6150105233538141,0.5980274101375409,0.842,0.885611890720569,27.7,11.950002
Finland,FIN,2015,Europe,0.7116709747417159,0.6943318733240288,0.5064423959607716,0.827,0.8820929442458157,27.1,8.064647
Finland,FIN,2020,Europe,0.789771397832942,0.7263296886934295,0.7214154342674404,0.834,0.8902671098560446,27.1,6.82145
France,FRA,1990,Europe,0.6508671047992709,0.4969224739506357,0.5342413259429825,0.804,0.8407891977596371,32.1,6.9293327
France,FRA,2000,Europe,0.6920932748505276,0.5726650208126205,0.5751289886980221,0.806,0.8642861628347225,32.6,6.849684
France,FRA,2005,Europe,0.7227912145135333,0.6312885950199391,0.6132571715789141,0.808,0.8725082067723294,29.8,6.756068
France,FRA,2010,Europe,0.7575455525841734,0.6949814311661315,0.6557803542005822,0.828,0.8727162681706577,33.7,5.945996
France,FRA,2015,Europe,0.7397414966754232,0.7521280379805902,0.5508415192566398,0.824,0.877150810018372,32.7,5.116293
France,FRA,2020,Europe,0.7327829344407024,0.7542398081323801,0.5491914077806543,0.798,0.8722988718457823,30.7,4.271517
Germany,DEU,1995,Europe,0.7197071194074357,0.4890849777733235,0.75807855648719,0.864,0.83755033547428,28.7,11.459825
Germany,DEU,2000,Europe,0.7308025607413909,0.5360352631617594,0.7242710097530454,0.862,0.8523118234459373,28.7,10.990293
Germany,DEU,2005,Europe,0.7496029415531207,0.5814605930547223,0.732231615899196,0.866,0.8563247035291428,31.6,10.57788
Germany,DEU,2010,Europe,0.7665327826747477,0.6186250178114829,0.7403676227542075,0.87,0.866420626696751,30.2,10.22758
Germany,DEU,2015,Europe,0.7816183831513078,0.6436720033604321,0.7804184548812308,0.847,0.8772098500848255,31.4,9.756902
Germany,DEU,2020,Europe,0.8373071032048184,0.6768866735438201,1.0,0.827,0.878046727591498,32.5,7.738692
Ghana,GHA,2005,Africa,0.3256009239934144,0.2266107893289109,0.1759365335639536,0.636,0.44325004112211414,42.8,0.2723039
Greece,GRC,1995,Europe,0.5791635798032846,0.5278098914802571,0.35650777835144887,0.794,0.7530744930835597,36.5,8.266988
Greece,GRC,2000,Europe,0.6048203633549242,0.5471111762617229,0.3962055583322754,0.793,0.7784599629582585,34.4,9.549867
Greece,GRC,2005,Europe,0.6356294579239143,0.5955651769180196,0.4273559199699301,0.795,0.8067331723341662,34.6,10.371121
Greece,GRC,2010,Europe,0.6622829616633835,0.6402326712323033,0.4613781450189356,0.812,0.8020906403730896,34.1,8.751197
Greece,GRC,2015,Europe,0.6462333281664078,0.6487815896831965,0.44784264548440517,0.776,0.7735203132458482,36.0,6.924253
Greece,GRC,2020,Europe,0.6625949887992175,0.662527585758726,0.5278663881132599,0.719,0.766541588991311,33.6,5.1944113
Hungary,HUN,2000,Europe,0.5513630362916703,0.3811304555199851,0.46569713428967774,0.761,0.6842088910113755,27.2,5.7155046
Hungary,HUN,2005,Europe,0.572267120584079,0.4020415071940055,0.4853247641453208,0.763,0.7203893686748052,34.7,5.9749513
Hungary,HUN,2010,Europe,0.5732903954545532,0.4371521231866768,0.5060545079281846,0.678,0.720176722378207,29.4,5.2101464
Hungary,HUN,2015,Europe,0.56093123324525,0.46454548558362935,0.5967861673786967,0.484,0.7378127173958778,30.4,4.732789
Indonesia,IDN,1990,Asia,0.17364759297385982,0.26149762829564765,0.12062329108630344,0.055,0.5240991476178832,31.1,0.84463084
Indonesia,IDN,2000,Asia,0.34170925172521815,0.30016932337294966,0.15530684983130358,0.518,0.5645992187645532,30.3,1.3007095
Indonesia,IDN,2005,Asia,0.3805821749078434,0.31639341768324053,0.20584975303602435,0.545,0.5910435499451864,29.9,1.5045645
Indonesia,IDN,2010,Asia,0.4135189080809633,0.3310552998014497,0.2614140852536509,0.537,0.6291840070087855,34.6,1.8082032
Indonesia,IDN,2015,Asia,0.4265522410714721,0.3465089497297468,0.27801230357859863,0.517,0.664691150355211,38.2,2.1052775
Indonesia,IDN,2020,Asia,0.42196302557681725,0.3329474146582907,0.3120251897912735,0.446,0.6842226221656494,35.3,2.268087
Ireland,IRL,1995,Europe,0.5819521650264128,0.46014270871753443,0.3936947321348306,0.784,0.8075714217642463,37.0,9.929767
Ireland,IRL,2000,Europe,0.6155784856304376,0.4885291826082732,0.41693152353426544,0.806,0.8746684177124949,33.0,11.89966
Ireland,IRL,2005,Europe,0.6527978408079987,0.5674504103228402,0.4380831649624726,0.808,0.904105264072092,33.8,11.588379
Ireland,IRL,2010,Europe,0.6805598202701362,0.6408951963747431,0.46052037605468443,0.814,0.892904369890309,32.3,9.1665125
Ireland,IRL,2015,Europe,0.7564534133163475,0.6942315832895971,0.635139245245654,0.817,0.9089361465992054,31.8,8.2329445
Ireland,IRL,2020,Europe,0.7554129035009678,0.7776299208402823,0.5461715109804545,0.809,0.947735325008583,29.2,7.0349927
Israel,ISR,2005,Asia,0.6405872209037544,0.6250834060399912,0.4756959673277903,0.679,0.8340188543568425,42.3,8.401589
Israel,ISR,2010,Asia,0.6991238844915441,0.7172262107025973,0.5838792968157249,0.668,0.8540058909580918,42.6,9.307533
Israel,ISR,2015,Asia,0.7361883594437901,0.7449337710386535,0.7024982655622508,0.647,0.8675381547940906,39.7,7.815259
Israel,ISR,2020,Asia,0.7732168978537258,0.7674258258532894,0.8139319092233317,0.654,0.8749900464746713,37.8,6.7366834
Italy,ITA,1995,Europe,0.6010665821101946,0.5378518505653893,0.38312332204403604,0.756,0.8378519389259272,35.2,7.8148036
Italy,ITA,2000,Europe,0.6386392508211362,0.5963324383654469,0.42696453744991186,0.766,0.8529300555115495,35.2,8.19941
Italy,ITA,2005,Europe,0.6668636335434431,0.669286130642098,0.4495939116494703,0.768,0.8557652968054369,33.8,8.567466
Italy,ITA,2010,Europe,0.6985852137242794,0.7480264697301369,0.4834966942085664,0.777,0.847512402657168,34.7,7.2413816
Italy,ITA,2015,Europe,0.7063332727740377,0.7829529708602101,0.4761657256470008,0.794,0.8408612683444836,35.4,5.9635468
Italy,ITA,2020,Europe,0.6947238935158734,0.7706687368635817,0.46483885569674854,0.779,0.8347209626902318,35.2,5.0506783
Japan,JPN,2010,Asia,0.810487138219634,0.824476185800386,0.7728307847321867,0.771,0.8783499926152091,31.5,9.447968
Japan,JPN,2015,Asia,0.8044911127780082,0.9756049692332883,0.6563623391485807,0.737,0.8875643654561335,30.7,9.58534
Japan,JPN,2020,Asia,0.8567357915140207,1.0,0.8186999684260955,0.743,0.885674325226382,32.3,8.212569
Kenya,KEN,2005,Africa,0.2738257825760048,0.2047113772694304,0.21521452585287934,0.335,0.380924566793314,46.4,0.23617308
Kenya,KEN,2015,Africa,0.3028785220081351,0.24775301862473825,0.20174995385590977,0.401,0.41985288142492505,40.8,0.3230555
Kenya,KEN,2020,Africa,0.30731149285885306,0.25601422932356954,0.21640227040426915,0.374,0.43044502242686367,36.2,0.3828149
Malaysia,MYS,1995,Asia,0.3386804658737592,0.3927296298784267,0.30612279978458756,0.158,0.692650515905266,48.5,5.390652
Malaysia,MYS,2015,Asia,0.4139533090108869,0.4506689734525781,0.41397019727320694,0.202,0.7791612193726718,41.1,7.554295
Mexico,MEX,2000,North America,0.4345009686279222,0.416366688309336,0.28302101618716746,0.435,0.6953109625173526,53.4,3.968903
Mexico,MEX,2005,North America,0.4662609399393389,0.43391248209880734,0.3077128263623069,0.508,0.6967944525268295,50.9,4.379822
Mexico,MEX,2010,North America,0.454048093898941,0.42974567834621624,0.3076663146143065,0.462,0.6957832739617229,47.7,4.0168395
Mexico,MEX,2020,North America,0.4346674723963298,0.353400326888842,0.35221955662736776,0.412,0.6960668288366536,44.6,3.382808
Morocco,MAR,1990,Africa,0.19989559733354031,0.2535832397161768,0.06880580652295702,0.173,0.5289579841907384,39.2,0.9147687
Morocco,MAR,2000,Africa,0.2483398587984327,0.30477434704865364,0.1045946176583543,0.217,0.5498424161911653,40.6,1.1680162
Netherlands,NLD,1990,Europe,0.629735956161841,0.5020577736591396,0.45795895972871165,0.817,0.8372046877638457,31.1,10.846517
Netherlands,NLD,2005,Europe,0.6875633307202754,0.5907346165606205,0.5222404062944912,0.817,0.886677889584865,29.0,10.818227
Netherlands,NLD,2010,Europe,0.7167881832546844,0.657279972797982,0.5405718130881099,0.831,0.8940432492486037,27.8,10.880462
Netherlands,NLD,2015,Europe,0.7428080659734966,0.698670933159205,0.5838876730792653,0.832,0.8969766453111844,28.2,9.584029
Netherlands,NLD,2020,Europe,0.7697884466273344,0.7095367027663222,0.6739004828912146,0.815,0.9010674736792307,26.0,7.7664127
Nigeria,NGA,2010,Africa,0.2501666707240771,0.15485015897507343,0.15891590172182,0.331,0.4808512947381597,35.7,0.67239475
Nigeria,NGA,2015,Africa,0.2830834227726563,0.16124094405690678,0.18863225783557414,0.424,0.49796704239057427,35.9,0.57965857
Norway,NOR,1995,Europe,0.7080638428023256,0.5269870458372521,0.6416115252173933,0.851,0.8735504960871571,26.0,8.825208
Norway,NOR,2000,Europe,0.7281206030915975,0.5587772760943649,0.6485818928599958,0.864,0.8976271541147388,27.4,9.381491
Norway,NOR,2005,Europe,0.7526079393459799,0.6227309376057774,0.6548422497717842,0.864,0.9105929951212814,30.6,9.361427
Norway,NOR,2010,Europe,0.7732427024020019,0.6703183764603866,0.6767162082159431,0.867,0.9089845851221139,25.7,9.338823
Norway,NOR,2015,Europe,0.8046541839613224,0.759571408643651,0.6999612257850487,0.864,0.9126006229705975,27.5,8.7716675
Norway,NOR,2020,Europe,0.8412479179311542,0.8585408706933818,0.7447127488769383,0.857,0.9140404687372664,28.4,7.672967
Pakistan,PAK,1990,Asia,0.2076808553185923,0.22952803173282876,0.0901744585136017,0.2,0.4494036378663067,33.2,0.5839355
Pakistan,PAK,2005,Asia,0.2451565243019734,0.2537734542902585,0.15128079457472896,0.19,0.4952109430580294,31.3,0.7406387
Pakistan,PAK,2010,Asia,0.2738298387632798,0.27569319379658824,0.14502919315917293,0.278,0.5058209482879067,28.8,0.7403367
Pakistan,PAK,2015,Asia,0.27570384091806555,0.29085272824616415,0.15304419528945654,0.246,0.5276502576969667,31.3,0.66682756
Paraguay,PRY,1990,South America,0.2936269439560557,0.32049999160768783,0.19192932771288573,0.213,0.5673285667316523,40.8,0.5277272
Paraguay,PRY,1995,South America,0.3544832889484242,0.33594719951961083,0.20790419411336528,0.389,0.5811646486092025,58.1,0.8570563
Paraguay,PRY,2005,South America,0.3903445742483171,0.35983616725720247,0.2587751908879723,0.439,0.5679375952244137,51.4,0.6924381
Paraguay,PRY,2010,South America,0.4202802451509105,0.3834810509909028,0.2659388857173859,0.513,0.5963658810042874,51.0,0.873277
Paraguay,PRY,2015,South America,0.41952898840841946,0.40855887758295617,0.2886315505940866,0.421,0.6239752294386344,47.6,0.9815504
Paraguay,PRY,2020,South America,0.43498343073817797,0.408378408770156,0.3299514972657738,0.421,0.6310966649187124,43.5,1.1272037
Peru,PER,2000,South America,0.3323506918619936,0.3581390112411423,0.2998211466757324,0.193,0.5887286198744188,49.1,1.0781703
Peru,PER,2005,South America,0.49150510551483206,0.4044421078362379,0.35535490478567466,0.663,0.6124630968770025,50.4,1.0789979
Peru,PER,2010,South America,0.4938713054503046,0.41934849939440255,0.3304427114349182,0.654,0.6564568079589834,45.5,1.4613583
Peru,PER,2015,South America,0.5178996651755896,0.4637498510905212,0.3391880270572943,0.669,0.6836473052566902,43.4,1.6154937
Peru,PER,2020,South America,0.5273402050605597,0.4183934036654099,0.39732433538259726,0.692,0.6722447914439066,43.7,1.4384526
Philippines,PHL,2000,Asia,0.3844540798815712,0.34208031186447446,0.27933087452528677,0.446,0.5126205556166106,47.7,0.8975363
Philippines,PHL,2015,Asia,0.4300885332984684,0.37243490439375865,0.3590440114661237,0.434,0.5895812485069025,44.6,1.0544406
Poland,POL,1995,Europe,0.49194155945463264,0.3840682008689312,0.28597534941020847,0.814,0.6550775239992396,34.6,9.448353
Poland,POL,2000,Europe,0.5266361792180878,0.41983492085711865,0.3267528085415449,0.805,0.696544706664263,33.0,8.293836
Poland,POL,2005,Europe,0.551784947024399,0.45065446384037006,0.3510325529730314,0.812,0.7216594368121575,35.8,8.461171
Poland,POL,2010,Europe,0.5834163892021387,0.4822450899027087,0.3839214706134026,0.824,0.7594113322711794,33.2,8.768195
Poland,POL,2015,Europe,0.6584650130939994,0.5146211173529618,0.5825570357617118,0.8,0.7838171726375229,31.8,8.167728
Poland,POL,2020,Europe,0.6190396365726161,0.5001384369687379,0.7757867792579572,0.468,0.8087147605212818,28.5,7.914448
Portugal,PRT,2005,Europe,0.5573797004103476,0.5445280838480233,0.2599180560376749,0.844,0.8079889307994216,38.5,6.6304703
Portugal,PRT,2010,Europe,0.581816784587194,0.6161320946302142,0.27205951268636397,0.842,0.8118861712104001,35.8,4.9996824
Portugal,PRT,2015,Europe,0.6248399086904312,0.6807793306050257,0.3311946656123512,0.837,0.8077182363730426,35.5,5.03681
Portugal,PRT,2020,Europe,0.6365617026411536,0.6711910993794146,0.37562287896302465,0.802,0.8120624568586384,34.7,4.024692
Romania,ROU,1995,Europe,0.41108874383031374,0.3443472265060627,0.3702096821340737,0.397,0.5642966507449313,31.2,5.546691
Romania,ROU,2000,Europe,0.43488843348143064,0.3726775211667552,0.39034283074511766,0.435,0.5652528568609454,29.3,4.227758
Romania,ROU,2005,Europe,0.45475211595778187,0.36120726366772005,0.411060059197897,0.468,0.6154479159116072,29.8,4.7770095
Romania,ROU,2010,Europe,0.505170486385851,0.4254802500187047,0.43300904002880497,0.544,0.6497953668678398,35.5,4.134961
Romania,ROU,2015,Europe,0.5396572592802056,0.4434254208840089,0.47004701570503143,0.606,0.6714869593539281,35.9,3.9276292
Romania,ROU,2020,Europe,0.5531515002562474,0.45682716447166355,0.5143979623883695,0.567,0.7026550297454943,34.6,3.81315
South Africa,ZAF,2000,Africa,0.3798354814784852,0.21467250669175922,0.2530156237989577,0.642,0.5969298935000589,57.8,8.022367
South Africa,ZAF,2005,Africa,0.37732196499172194,0.1772105444909092,0.2790603507492376,0.665,0.6163664749723936,65.0,8.409871
South Africa,ZAF,2010,Africa,0.41091980451370025,0.218571514664733,0.3107406003435365,0.665,0.6312699025964702,60.9,8.928475
Spain,ESP,1990,Europe,0.5594493351103702,0.501907972436277,0.30597111941196836,0.819,0.7788514213776744,32.0,5.8688183
Spain,ESP,1995,Europe,0.5855650902392038,0.540891650266724,0.3335434289006458,0.824,0.7908804340954456,35.7,6.6179895
Spain,ESP,2000,Europe,0.6189042930502763,0.5880376372709314,0.37048874073879,0.82,0.8212965345211184,34.1,7.5392795
Spain,ESP,2005,Europe,0.6416126742494499,0.630718730326619,0.3969260841668656,0.81,0.8357210674180849,32.4,8.358881
Spain,ESP,2010,Europe,0.6827290587894779,0.7385356650206252,0.42540314242562466,0.83,0.8331885498494823,35.2,6.032926
Spain,ESP,2015,Europe,0.6659799283343042,0.7949528839746497,0.3905474085678364,0.76,0.8337115526208908,36.2,5.7889185
Spain,ESP,2020,Europe,0.6920300102158395,0.7611041501895066,0.4533423001542519,0.803,0.8277779122260274,34.9,4.441423
Sweden,SWE,1995,Europe,0.6893857869727554,0.5637463438712362,0.5396628448242713,0.883,0.8407799393343776,25.2,6.739775
Sweden,SWE,2000,Europe,0.706373307258768,0.602223496246088,0.5405718130881099,0.881,0.86806074530116,27.0,6.187081
Sweden,SWE,2005,Europe,0.7294528791028748,0.6462186442380119,0.5580036925084332,0.884,0.8882191848801266,26.8,5.9566827
Sweden,SWE,2010,Europe,0.7539277788352051,0.7011763148466591,0.5762994155830145,0.889,0.8993770555844436,27.7,5.654432
Sweden,SWE,2015,Europe,0.7854182465592621,0.7519323395675984,0.6296429888307745,0.89,0.9031103170487611,29.2,4.419636
Sweden,SWE,2020,Europe,0.8033548575017027,0.7736393392446074,0.6782148213813284,0.879,0.903098246810651,28.9,3.5371203
Switzerland,CHE,2000,Europe,0.7419688025597515,0.6066020303110667,0.6798063465254585,0.834,0.8812263096786562,33.4,6.071895
Switzerland,CHE,2010,Europe,0.7960777449625251,0.7605656926766399,0.6940411897722881,0.848,0.8972306535336143,32.6,5.754552
Switzerland,CHE,2015,Europe,0.8475700112496871,0.8162712134459343,0.8195823642339373,0.857,0.9001075836631467,32.3,4.6784573
Switzerland,CHE,2020,Europe,0.8855448455370343,0.8421149841608551,0.9515052077096351,0.851,0.9018412861473125,33.7,3.974646
Thailand,THA,1990,Asia,0.33956899415485714,0.358482748599371,0.2132310444662176,0.279,0.6234321783485068,45.3,1.5814012
Thailand,THA,2000,Asia,0.4074668694545545,0.39143813745017136,0.2614140852536509,0.398,0.676852470075406,42.8,2.656054
Thailand,THA,2010,Asia,0.4263322208388502,0.4771620161174434,0.2767174922581469,0.338,0.7402415312314974,39.4,3.5144494
Thailand,THA,2015,Asia,0.326539837739462,0.5243379069141044,0.2768190683256632,0.103,0.7605017311940033,36.0,3.9282057
Thailand,THA,2020,Asia,0.39804871079014315,0.5819662724380033,0.3201726036754808,0.175,0.7698832201173631,35.0,3.7956123
Ukraine,UKR,1995,Europe,0.398174318533231,0.305308953175024,0.44110438364777244,0.341,0.5473406314290188,39.2,7.55191
Ukraine,UKR,2005,Europe,0.4164557060884044,0.3234180574898157,0.5240394470038445,0.293,0.6057304463282375,29.0,6.588396
Ukraine,UKR,2010,Europe,0.4277554675806218,0.3613937806843074,0.5386103790853257,0.281,0.6120974430086075,24.8,6.3364434
Ukraine,UKR,2015,Europe,0.41184861197672223,0.4140495995948431,0.5208865969747565,0.223,0.5982049630880714,25.5,4.889162
Ukraine,UKR,2020,Europe,0.44371985512128453,0.3963416546288418,0.5004201166798627,0.318,0.614615986250566,25.6,4.635197
United Kingdom,GBR,1990,Europe,0.6532977569971294,0.4667129398127777,0.625106403376183,0.753,0.82917443302463,35.7,10.4927225
United Kingdom,GBR,1995,Europe,0.6795274362389152,0.4906372410986137,0.685277103965299,0.755,0.8399516781905625,35.5,9.735405
United Kingdom,GBR,2000,Europe,0.7239821742655643,0.5288499801161237,0.7571980007426836,0.795,0.8629833431335755,38.9,9.635275
United Kingdom,GBR,2005,Europe,0.7513676710847359,0.5752707644813109,0.7798838930407576,0.806,0.8813993443045843,35.5,9.412128
United Kingdom,GBR,2010,Europe,0.775184699933647,0.6344655450798432,0.8040552383976495,0.806,0.8781966968177058,33.7,8.124634
United Kingdom,GBR,2015,Europe,0.7815945926345058,0.6633840870482358,0.8006218391627812,0.791,0.8882950024551812,33.3,6.461413
United Kingdom,GBR,2020,Europe,0.7804794623933133,0.6362273217855462,0.8278572875732456,0.801,0.8795197787741276,32.7,4.84416
Uruguay,URY,1995,South America,0.5036901908035096,0.4233152680573805,0.27375543062447877,0.79,0.7030726524893661,40.9,1.4313698
Uruguay,URY,2000,South America,0.5273892943784318,0.44899409451074895,0.30148827985985466,0.799,0.7152656955715233,43.4,1.6156275
Uruguay,URY,2005,South America,0.5403460275795101,0.47884804534568204,0.30158432120687284,0.817,0.7225357114474701,44.7,1.7460424
Uruguay,URY,2010,South America,0.5659127484500623,0.4976422371723996,0.32092799832002045,0.837,0.7672689277482376,44.5,1.9049841
Uruguay,URY,2015,South America,0.5690168489203966,0.516765719011073,0.31332034898506717,0.818,0.7915254877014574,40.1,2.00062
Uruguay,URY,2020,South America,0.5826909469955904,0.5490250061344791,0.33728568393942254,0.793,0.7850365225308534,40.2,1.9055269
